Property,Address,PM_Company,Asset_Type,Units,Month,Utility_Type,Total_Charge,Underwritten_Budget
Lakewood Flats,1240 Garrison St - Lakewood CO,Summit Property Group,MF,52,2024-01,Electric,4345,4784
Lakewood Flats,1240 Garrison St - Lakewood CO,Summit Property Group,MF,52,2024-01,Gas,4601,2080
Lakewood Flats,1240 Garrison St - Lakewood CO,Summit Property Group,MF,52,2024-01,Water/Sewer,1585,1872
Lakewood Flats,1240 Garrison St - Lakewood CO,Summit Property Group,MF,52,2024-01,Trash,816,832
Lakewood Flats,1240 Garrison St - Lakewood CO,Summit Property Group,MF,52,2024-02,Electric,4148,4784
Lakewood Flats,1240 Garrison St - Lakewood CO,Summit Property Group,MF,52,2024-02,Gas,4186,2080
Lakewood Flats,1240 Garrison St - Lakewood CO,Summit Property Group,MF,52,2024-02,Water/Sewer,1521,1872
Lakewood Flats,1240 Garrison St - Lakewood CO,Summit Property Group,MF,52,2024-02,Trash,829,832
Lakewood Flats,1240 Garrison St - Lakewood CO,Summit Property Group,MF,52,2024-03,Electric,4118,4784
Lakewood Flats,1240 Garrison St - Lakewood CO,Summit Property Group,MF,52,2024-03,Gas,3183,2080
Lakewood Flats,1240 Garrison St - Lakewood CO,Summit Property Group,MF,52,2024-03,Water/Sewer,1607,1872
Lakewood Flats,1240 Garrison St - Lakewood CO,Summit Property Group,MF,52,2024-03,Trash,834,832
Lakewood Flats,1240 Garrison St - Lakewood CO,Summit Property Group,MF,52,2024-04,Electric,4029,4784
Lakewood Flats,1240 Garrison St - Lakewood CO,Summit Property Group,MF,52,2024-04,Gas,1757,2080
Lakewood Flats,1240 Garrison St - Lakewood CO,Summit Property Group,MF,52,2024-04,Water/Sewer,1731,1872
Lakewood Flats,1240 Garrison St - Lakewood CO,Summit Property Group,MF,52,2024-04,Trash,796,832
Lakewood Flats,1240 Garrison St - Lakewood CO,Summit Property Group,MF,52,2024-05,Electric,4280,4784
Lakewood Flats,1240 Garrison St - Lakewood CO,Summit Property Group,MF,52,2024-05,Gas,967,2080
Lakewood Flats,1240 Garrison St - Lakewood CO,Summit Property Group,MF,52,2024-05,Water/Sewer,1941,1872
Lakewood Flats,1240 Garrison St - Lakewood CO,Summit Property Group,MF,52,2024-05,Trash,801,832
Lakewood Flats,1240 Garrison St - Lakewood CO,Summit Property Group,MF,52,2024-06,Electric,5318,4784
Lakewood Flats,1240 Garrison St - Lakewood CO,Summit Property Group,MF,52,2024-06,Gas,543,2080
Lakewood Flats,1240 Garrison St - Lakewood CO,Summit Property Group,MF,52,2024-06,Water/Sewer,2106,1872
Lakewood Flats,1240 Garrison St - Lakewood CO,Summit Property Group,MF,52,2024-06,Trash,805,832
Lakewood Flats,1240 Garrison St - Lakewood CO,Summit Property Group,MF,52,2024-07,Electric,6170,4784
Lakewood Flats,1240 Garrison St - Lakewood CO,Summit Property Group,MF,52,2024-07,Gas,439,2080
Lakewood Flats,1240 Garrison St - Lakewood CO,Summit Property Group,MF,52,2024-07,Water/Sewer,2185,1872
Lakewood Flats,1240 Garrison St - Lakewood CO,Summit Property Group,MF,52,2024-07,Trash,812,832
Lakewood Flats,1240 Garrison St - Lakewood CO,Summit Property Group,MF,52,2024-08,Electric,6030,4784
Lakewood Flats,1240 Garrison St - Lakewood CO,Summit Property Group,MF,52,2024-08,Gas,420,2080
Lakewood Flats,1240 Garrison St - Lakewood CO,Summit Property Group,MF,52,2024-08,Water/Sewer,2239,1872
Lakewood Flats,1240 Garrison St - Lakewood CO,Summit Property Group,MF,52,2024-08,Trash,795,832
Lakewood Flats,1240 Garrison St - Lakewood CO,Summit Property Group,MF,52,2024-09,Electric,4774,4784
Lakewood Flats,1240 Garrison St - Lakewood CO,Summit Property Group,MF,52,2024-09,Gas,654,2080
Lakewood Flats,1240 Garrison St - Lakewood CO,Summit Property Group,MF,52,2024-09,Water/Sewer,2003,1872
Lakewood Flats,1240 Garrison St - Lakewood CO,Summit Property Group,MF,52,2024-09,Trash,826,832
Lakewood Flats,1240 Garrison St - Lakewood CO,Summit Property Group,MF,52,2024-10,Electric,4139,4784
Lakewood Flats,1240 Garrison St - Lakewood CO,Summit Property Group,MF,52,2024-10,Gas,1544,2080
Lakewood Flats,1240 Garrison St - Lakewood CO,Summit Property Group,MF,52,2024-10,Water/Sewer,1785,1872
Lakewood Flats,1240 Garrison St - Lakewood CO,Summit Property Group,MF,52,2024-10,Trash,808,832
Lakewood Flats,1240 Garrison St - Lakewood CO,Summit Property Group,MF,52,2024-11,Electric,4233,4784
Lakewood Flats,1240 Garrison St - Lakewood CO,Summit Property Group,MF,52,2024-11,Gas,2999,2080
Lakewood Flats,1240 Garrison St - Lakewood CO,Summit Property Group,MF,52,2024-11,Water/Sewer,1591,1872
Lakewood Flats,1240 Garrison St - Lakewood CO,Summit Property Group,MF,52,2024-11,Trash,831,832
Lakewood Flats,1240 Garrison St - Lakewood CO,Summit Property Group,MF,52,2024-12,Electric,4456,4784
Lakewood Flats,1240 Garrison St - Lakewood CO,Summit Property Group,MF,52,2024-12,Gas,4026,2080
Lakewood Flats,1240 Garrison St - Lakewood CO,Summit Property Group,MF,52,2024-12,Water/Sewer,1563,1872
Lakewood Flats,1240 Garrison St - Lakewood CO,Summit Property Group,MF,52,2024-12,Trash,812,832
Aurora Commons,3350 Peoria St - Aurora CO,Summit Property Group,MF,66,2024-01,Electric,5519,6072
Aurora Commons,3350 Peoria St - Aurora CO,Summit Property Group,MF,66,2024-01,Gas,5525,2640
Aurora Commons,3350 Peoria St - Aurora CO,Summit Property Group,MF,66,2024-01,Water/Sewer,2020,2376
Aurora Commons,3350 Peoria St - Aurora CO,Summit Property Group,MF,66,2024-01,Trash,1037,1056
Aurora Commons,3350 Peoria St - Aurora CO,Summit Property Group,MF,66,2024-02,Electric,5465,6072
Aurora Commons,3350 Peoria St - Aurora CO,Summit Property Group,MF,66,2024-02,Gas,5500,2640
Aurora Commons,3350 Peoria St - Aurora CO,Summit Property Group,MF,66,2024-02,Water/Sewer,1976,2376
Aurora Commons,3350 Peoria St - Aurora CO,Summit Property Group,MF,66,2024-02,Trash,1046,1056
Aurora Commons,3350 Peoria St - Aurora CO,Summit Property Group,MF,66,2024-03,Electric,5018,6072
Aurora Commons,3350 Peoria St - Aurora CO,Summit Property Group,MF,66,2024-03,Gas,3880,2640
Aurora Commons,3350 Peoria St - Aurora CO,Summit Property Group,MF,66,2024-03,Water/Sewer,2023,2376
Aurora Commons,3350 Peoria St - Aurora CO,Summit Property Group,MF,66,2024-03,Trash,1009,1056
Aurora Commons,3350 Peoria St - Aurora CO,Summit Property Group,MF,66,2024-04,Electric,4932,6072
Aurora Commons,3350 Peoria St - Aurora CO,Summit Property Group,MF,66,2024-04,Gas,2217,2640
Aurora Commons,3350 Peoria St - Aurora CO,Summit Property Group,MF,66,2024-04,Water/Sewer,2263,2376
Aurora Commons,3350 Peoria St - Aurora CO,Summit Property Group,MF,66,2024-04,Trash,1011,1056
Aurora Commons,3350 Peoria St - Aurora CO,Summit Property Group,MF,66,2024-05,Electric,5372,6072
Aurora Commons,3350 Peoria St - Aurora CO,Summit Property Group,MF,66,2024-05,Gas,1217,2640
Aurora Commons,3350 Peoria St - Aurora CO,Summit Property Group,MF,66,2024-05,Water/Sewer,2397,2376
Aurora Commons,3350 Peoria St - Aurora CO,Summit Property Group,MF,66,2024-05,Trash,1038,1056
Aurora Commons,3350 Peoria St - Aurora CO,Summit Property Group,MF,66,2024-06,Electric,6471,6072
Aurora Commons,3350 Peoria St - Aurora CO,Summit Property Group,MF,66,2024-06,Gas,718,2640
Aurora Commons,3350 Peoria St - Aurora CO,Summit Property Group,MF,66,2024-06,Water/Sewer,2725,2376
Aurora Commons,3350 Peoria St - Aurora CO,Summit Property Group,MF,66,2024-06,Trash,1001,1056
Aurora Commons,3350 Peoria St - Aurora CO,Summit Property Group,MF,66,2024-07,Electric,7546,6072
Aurora Commons,3350 Peoria St - Aurora CO,Summit Property Group,MF,66,2024-07,Gas,553,2640
Aurora Commons,3350 Peoria St - Aurora CO,Summit Property Group,MF,66,2024-07,Water/Sewer,2831,2376
Aurora Commons,3350 Peoria St - Aurora CO,Summit Property Group,MF,66,2024-07,Trash,1034,1056
Aurora Commons,3350 Peoria St - Aurora CO,Summit Property Group,MF,66,2024-08,Electric,7660,6072
Aurora Commons,3350 Peoria St - Aurora CO,Summit Property Group,MF,66,2024-08,Gas,529,2640
Aurora Commons,3350 Peoria St - Aurora CO,Summit Property Group,MF,66,2024-08,Water/Sewer,2773,2376
Aurora Commons,3350 Peoria St - Aurora CO,Summit Property Group,MF,66,2024-08,Trash,996,1056
Aurora Commons,3350 Peoria St - Aurora CO,Summit Property Group,MF,66,2024-09,Electric,6296,6072
Aurora Commons,3350 Peoria St - Aurora CO,Summit Property Group,MF,66,2024-09,Gas,807,2640
Aurora Commons,3350 Peoria St - Aurora CO,Summit Property Group,MF,66,2024-09,Water/Sewer,2425,2376
Aurora Commons,3350 Peoria St - Aurora CO,Summit Property Group,MF,66,2024-09,Trash,993,1056
Aurora Commons,3350 Peoria St - Aurora CO,Summit Property Group,MF,66,2024-10,Electric,5205,6072
Aurora Commons,3350 Peoria St - Aurora CO,Summit Property Group,MF,66,2024-10,Gas,1968,2640
Aurora Commons,3350 Peoria St - Aurora CO,Summit Property Group,MF,66,2024-10,Water/Sewer,2249,2376
Aurora Commons,3350 Peoria St - Aurora CO,Summit Property Group,MF,66,2024-10,Trash,1028,1056
Aurora Commons,3350 Peoria St - Aurora CO,Summit Property Group,MF,66,2024-11,Electric,5570,6072
Aurora Commons,3350 Peoria St - Aurora CO,Summit Property Group,MF,66,2024-11,Gas,3765,2640
Aurora Commons,3350 Peoria St - Aurora CO,Summit Property Group,MF,66,2024-11,Water/Sewer,2010,2376
Aurora Commons,3350 Peoria St - Aurora CO,Summit Property Group,MF,66,2024-11,Trash,1033,1056
Aurora Commons,3350 Peoria St - Aurora CO,Summit Property Group,MF,66,2024-12,Electric,5772,6072
Aurora Commons,3350 Peoria St - Aurora CO,Summit Property Group,MF,66,2024-12,Gas,5030,2640
Aurora Commons,3350 Peoria St - Aurora CO,Summit Property Group,MF,66,2024-12,Water/Sewer,2020,2376
Aurora Commons,3350 Peoria St - Aurora CO,Summit Property Group,MF,66,2024-12,Trash,1019,1056
Arvada Heights,7821 Wadsworth Blvd - Arvada CO,Front Range PM,MF,38,2024-01,Electric,3142,3496
Arvada Heights,7821 Wadsworth Blvd - Arvada CO,Front Range PM,MF,38,2024-01,Gas,3197,1520
Arvada Heights,7821 Wadsworth Blvd - Arvada CO,Front Range PM,MF,38,2024-01,Water/Sewer,1088,1368
Arvada Heights,7821 Wadsworth Blvd - Arvada CO,Front Range PM,MF,38,2024-01,Trash,568,608
Arvada Heights,7821 Wadsworth Blvd - Arvada CO,Front Range PM,MF,38,2024-02,Electric,2950,3496
Arvada Heights,7821 Wadsworth Blvd - Arvada CO,Front Range PM,MF,38,2024-02,Gas,3089,1520
Arvada Heights,7821 Wadsworth Blvd - Arvada CO,Front Range PM,MF,38,2024-02,Water/Sewer,1108,1368
Arvada Heights,7821 Wadsworth Blvd - Arvada CO,Front Range PM,MF,38,2024-02,Trash,582,608
Arvada Heights,7821 Wadsworth Blvd - Arvada CO,Front Range PM,MF,38,2024-03,Electric,3005,3496
Arvada Heights,7821 Wadsworth Blvd - Arvada CO,Front Range PM,MF,38,2024-03,Gas,2220,1520
Arvada Heights,7821 Wadsworth Blvd - Arvada CO,Front Range PM,MF,38,2024-03,Water/Sewer,1180,1368
Arvada Heights,7821 Wadsworth Blvd - Arvada CO,Front Range PM,MF,38,2024-03,Trash,590,608
Arvada Heights,7821 Wadsworth Blvd - Arvada CO,Front Range PM,MF,38,2024-04,Electric,2785,3496
Arvada Heights,7821 Wadsworth Blvd - Arvada CO,Front Range PM,MF,38,2024-04,Gas,1249,1520
Arvada Heights,7821 Wadsworth Blvd - Arvada CO,Front Range PM,MF,38,2024-04,Water/Sewer,1249,1368
Arvada Heights,7821 Wadsworth Blvd - Arvada CO,Front Range PM,MF,38,2024-04,Trash,570,608
Arvada Heights,7821 Wadsworth Blvd - Arvada CO,Front Range PM,MF,38,2024-05,Electric,3184,3496
Arvada Heights,7821 Wadsworth Blvd - Arvada CO,Front Range PM,MF,38,2024-05,Gas,705,1520
Arvada Heights,7821 Wadsworth Blvd - Arvada CO,Front Range PM,MF,38,2024-05,Water/Sewer,1408,1368
Arvada Heights,7821 Wadsworth Blvd - Arvada CO,Front Range PM,MF,38,2024-05,Trash,594,608
Arvada Heights,7821 Wadsworth Blvd - Arvada CO,Front Range PM,MF,38,2024-06,Electric,3855,3496
Arvada Heights,7821 Wadsworth Blvd - Arvada CO,Front Range PM,MF,38,2024-06,Gas,390,1520
Arvada Heights,7821 Wadsworth Blvd - Arvada CO,Front Range PM,MF,38,2024-06,Water/Sewer,1565,1368
Arvada Heights,7821 Wadsworth Blvd - Arvada CO,Front Range PM,MF,38,2024-06,Trash,583,608
Arvada Heights,7821 Wadsworth Blvd - Arvada CO,Front Range PM,MF,38,2024-07,Electric,4516,3496
Arvada Heights,7821 Wadsworth Blvd - Arvada CO,Front Range PM,MF,38,2024-07,Gas,317,1520
Arvada Heights,7821 Wadsworth Blvd - Arvada CO,Front Range PM,MF,38,2024-07,Water/Sewer,1750,1368
Arvada Heights,7821 Wadsworth Blvd - Arvada CO,Front Range PM,MF,38,2024-07,Trash,572,608
Arvada Heights,7821 Wadsworth Blvd - Arvada CO,Front Range PM,MF,38,2024-08,Electric,4279,3496
Arvada Heights,7821 Wadsworth Blvd - Arvada CO,Front Range PM,MF,38,2024-08,Gas,315,1520
Arvada Heights,7821 Wadsworth Blvd - Arvada CO,Front Range PM,MF,38,2024-08,Water/Sewer,1923,1368
Arvada Heights,7821 Wadsworth Blvd - Arvada CO,Front Range PM,MF,38,2024-08,Trash,582,608
Arvada Heights,7821 Wadsworth Blvd - Arvada CO,Front Range PM,MF,38,2024-09,Electric,3496,3496
Arvada Heights,7821 Wadsworth Blvd - Arvada CO,Front Range PM,MF,38,2024-09,Gas,449,1520
Arvada Heights,7821 Wadsworth Blvd - Arvada CO,Front Range PM,MF,38,2024-09,Water/Sewer,1867,1368
Arvada Heights,7821 Wadsworth Blvd - Arvada CO,Front Range PM,MF,38,2024-09,Trash,597,608
Arvada Heights,7821 Wadsworth Blvd - Arvada CO,Front Range PM,MF,38,2024-10,Electric,2970,3496
Arvada Heights,7821 Wadsworth Blvd - Arvada CO,Front Range PM,MF,38,2024-10,Gas,1135,1520
Arvada Heights,7821 Wadsworth Blvd - Arvada CO,Front Range PM,MF,38,2024-10,Water/Sewer,1837,1368
Arvada Heights,7821 Wadsworth Blvd - Arvada CO,Front Range PM,MF,38,2024-10,Trash,598,608
Arvada Heights,7821 Wadsworth Blvd - Arvada CO,Front Range PM,MF,38,2024-11,Electric,3190,3496
Arvada Heights,7821 Wadsworth Blvd - Arvada CO,Front Range PM,MF,38,2024-11,Gas,2118,1520
Arvada Heights,7821 Wadsworth Blvd - Arvada CO,Front Range PM,MF,38,2024-11,Water/Sewer,1833,1368
Arvada Heights,7821 Wadsworth Blvd - Arvada CO,Front Range PM,MF,38,2024-11,Trash,574,608
Arvada Heights,7821 Wadsworth Blvd - Arvada CO,Front Range PM,MF,38,2024-12,Electric,3150,3496
Arvada Heights,7821 Wadsworth Blvd - Arvada CO,Front Range PM,MF,38,2024-12,Gas,2876,1520
Arvada Heights,7821 Wadsworth Blvd - Arvada CO,Front Range PM,MF,38,2024-12,Water/Sewer,1881,1368
Arvada Heights,7821 Wadsworth Blvd - Arvada CO,Front Range PM,MF,38,2024-12,Trash,574,608
Englewood Park,555 S Broadway - Englewood CO,Front Range PM,MF,30,2024-01,Electric,2513,2760
Englewood Park,555 S Broadway - Englewood CO,Front Range PM,MF,30,2024-01,Gas,2471,1200
Englewood Park,555 S Broadway - Englewood CO,Front Range PM,MF,30,2024-01,Water/Sewer,857,1080
Englewood Park,555 S Broadway - Englewood CO,Front Range PM,MF,30,2024-01,Trash,454,480
Englewood Park,555 S Broadway - Englewood CO,Front Range PM,MF,30,2024-02,Electric,2442,2760
Englewood Park,555 S Broadway - Englewood CO,Front Range PM,MF,30,2024-02,Gas,2358,1200
Englewood Park,555 S Broadway - Englewood CO,Front Range PM,MF,30,2024-02,Water/Sewer,885,1080
Englewood Park,555 S Broadway - Englewood CO,Front Range PM,MF,30,2024-02,Trash,462,480
Englewood Park,555 S Broadway - Englewood CO,Front Range PM,MF,30,2024-03,Electric,2257,2760
Englewood Park,555 S Broadway - Englewood CO,Front Range PM,MF,30,2024-03,Gas,1786,1200
Englewood Park,555 S Broadway - Englewood CO,Front Range PM,MF,30,2024-03,Water/Sewer,920,1080
Englewood Park,555 S Broadway - Englewood CO,Front Range PM,MF,30,2024-03,Trash,458,480
Englewood Park,555 S Broadway - Englewood CO,Front Range PM,MF,30,2024-04,Electric,2231,2760
Englewood Park,555 S Broadway - Englewood CO,Front Range PM,MF,30,2024-04,Gas,1004,1200
Englewood Park,555 S Broadway - Englewood CO,Front Range PM,MF,30,2024-04,Water/Sewer,965,1080
Englewood Park,555 S Broadway - Englewood CO,Front Range PM,MF,30,2024-04,Trash,464,480
Englewood Park,555 S Broadway - Englewood CO,Front Range PM,MF,30,2024-05,Electric,2400,2760
Englewood Park,555 S Broadway - Englewood CO,Front Range PM,MF,30,2024-05,Gas,531,1200
Englewood Park,555 S Broadway - Englewood CO,Front Range PM,MF,30,2024-05,Water/Sewer,1062,1080
Englewood Park,555 S Broadway - Englewood CO,Front Range PM,MF,30,2024-05,Trash,457,480
Englewood Park,555 S Broadway - Englewood CO,Front Range PM,MF,30,2024-06,Electric,2991,2760
Englewood Park,555 S Broadway - Englewood CO,Front Range PM,MF,30,2024-06,Gas,302,1200
Englewood Park,555 S Broadway - Englewood CO,Front Range PM,MF,30,2024-06,Water/Sewer,1196,1080
Englewood Park,555 S Broadway - Englewood CO,Front Range PM,MF,30,2024-06,Trash,447,480
Englewood Park,555 S Broadway - Englewood CO,Front Range PM,MF,30,2024-07,Electric,3497,2760
Englewood Park,555 S Broadway - Englewood CO,Front Range PM,MF,30,2024-07,Gas,237,1200
Englewood Park,555 S Broadway - Englewood CO,Front Range PM,MF,30,2024-07,Water/Sewer,1261,1080
Englewood Park,555 S Broadway - Englewood CO,Front Range PM,MF,30,2024-07,Trash,451,480
Englewood Park,555 S Broadway - Englewood CO,Front Range PM,MF,30,2024-08,Electric,3448,2760
Englewood Park,555 S Broadway - Englewood CO,Front Range PM,MF,30,2024-08,Gas,252,1200
Englewood Park,555 S Broadway - Englewood CO,Front Range PM,MF,30,2024-08,Water/Sewer,1218,1080
Englewood Park,555 S Broadway - Englewood CO,Front Range PM,MF,30,2024-08,Trash,466,480
Englewood Park,555 S Broadway - Englewood CO,Front Range PM,MF,30,2024-09,Electric,2809,2760
Englewood Park,555 S Broadway - Englewood CO,Front Range PM,MF,30,2024-09,Gas,394,1200
Englewood Park,555 S Broadway - Englewood CO,Front Range PM,MF,30,2024-09,Water/Sewer,1113,1080
Englewood Park,555 S Broadway - Englewood CO,Front Range PM,MF,30,2024-09,Trash,456,480
Englewood Park,555 S Broadway - Englewood CO,Front Range PM,MF,30,2024-10,Electric,2351,2760
Englewood Park,555 S Broadway - Englewood CO,Front Range PM,MF,30,2024-10,Gas,998,1200
Englewood Park,555 S Broadway - Englewood CO,Front Range PM,MF,30,2024-10,Water/Sewer,1013,1080
Englewood Park,555 S Broadway - Englewood CO,Front Range PM,MF,30,2024-10,Trash,465,480
Englewood Park,555 S Broadway - Englewood CO,Front Range PM,MF,30,2024-11,Electric,2446,2760
Englewood Park,555 S Broadway - Englewood CO,Front Range PM,MF,30,2024-11,Gas,1992,1200
Englewood Park,555 S Broadway - Englewood CO,Front Range PM,MF,30,2024-11,Water/Sewer,929,1080
Englewood Park,555 S Broadway - Englewood CO,Front Range PM,MF,30,2024-11,Trash,465,480
Englewood Park,555 S Broadway - Englewood CO,Front Range PM,MF,30,2024-12,Electric,2592,2760
Englewood Park,555 S Broadway - Englewood CO,Front Range PM,MF,30,2024-12,Gas,2786,1200
Englewood Park,555 S Broadway - Englewood CO,Front Range PM,MF,30,2024-12,Water/Sewer,864,1080
Englewood Park,555 S Broadway - Englewood CO,Front Range PM,MF,30,2024-12,Trash,445,480
Morrison Ridge,400 Bear Creek Ave - Morrison CO,Front Range PM,MF,20,2024-01,Electric,1641,1840
Morrison Ridge,400 Bear Creek Ave - Morrison CO,Front Range PM,MF,20,2024-01,Gas,1651,800
Morrison Ridge,400 Bear Creek Ave - Morrison CO,Front Range PM,MF,20,2024-01,Water/Sewer,555,720
Morrison Ridge,400 Bear Creek Ave - Morrison CO,Front Range PM,MF,20,2024-01,Trash,290,320
Morrison Ridge,400 Bear Creek Ave - Morrison CO,Front Range PM,MF,20,2024-02,Electric,1566,1840
Morrison Ridge,400 Bear Creek Ave - Morrison CO,Front Range PM,MF,20,2024-02,Gas,1519,800
Morrison Ridge,400 Bear Creek Ave - Morrison CO,Front Range PM,MF,20,2024-02,Water/Sewer,561,720
Morrison Ridge,400 Bear Creek Ave - Morrison CO,Front Range PM,MF,20,2024-02,Trash,298,320
Morrison Ridge,400 Bear Creek Ave - Morrison CO,Front Range PM,MF,20,2024-03,Electric,1516,1840
Morrison Ridge,400 Bear Creek Ave - Morrison CO,Front Range PM,MF,20,2024-03,Gas,1162,800
Morrison Ridge,400 Bear Creek Ave - Morrison CO,Front Range PM,MF,20,2024-03,Water/Sewer,596,720
Morrison Ridge,400 Bear Creek Ave - Morrison CO,Front Range PM,MF,20,2024-03,Trash,301,320
Morrison Ridge,400 Bear Creek Ave - Morrison CO,Front Range PM,MF,20,2024-04,Electric,1423,1840
Morrison Ridge,400 Bear Creek Ave - Morrison CO,Front Range PM,MF,20,2024-04,Gas,648,800
Morrison Ridge,400 Bear Creek Ave - Morrison CO,Front Range PM,MF,20,2024-04,Water/Sewer,656,720
Morrison Ridge,400 Bear Creek Ave - Morrison CO,Front Range PM,MF,20,2024-04,Trash,300,320
Morrison Ridge,400 Bear Creek Ave - Morrison CO,Front Range PM,MF,20,2024-05,Electric,1619,1840
Morrison Ridge,400 Bear Creek Ave - Morrison CO,Front Range PM,MF,20,2024-05,Gas,357,800
Morrison Ridge,400 Bear Creek Ave - Morrison CO,Front Range PM,MF,20,2024-05,Water/Sewer,717,720
Morrison Ridge,400 Bear Creek Ave - Morrison CO,Front Range PM,MF,20,2024-05,Trash,290,320
Morrison Ridge,400 Bear Creek Ave - Morrison CO,Front Range PM,MF,20,2024-06,Electric,1919,1840
Morrison Ridge,400 Bear Creek Ave - Morrison CO,Front Range PM,MF,20,2024-06,Gas,200,800
Morrison Ridge,400 Bear Creek Ave - Morrison CO,Front Range PM,MF,20,2024-06,Water/Sewer,769,720
Morrison Ridge,400 Bear Creek Ave - Morrison CO,Front Range PM,MF,20,2024-06,Trash,305,320
Morrison Ridge,400 Bear Creek Ave - Morrison CO,Front Range PM,MF,20,2024-07,Electric,2251,1840
Morrison Ridge,400 Bear Creek Ave - Morrison CO,Front Range PM,MF,20,2024-07,Gas,162,800
Morrison Ridge,400 Bear Creek Ave - Morrison CO,Front Range PM,MF,20,2024-07,Water/Sewer,821,720
Morrison Ridge,400 Bear Creek Ave - Morrison CO,Front Range PM,MF,20,2024-07,Trash,302,320
Morrison Ridge,400 Bear Creek Ave - Morrison CO,Front Range PM,MF,20,2024-08,Electric,2196,1840
Morrison Ridge,400 Bear Creek Ave - Morrison CO,Front Range PM,MF,20,2024-08,Gas,159,800
Morrison Ridge,400 Bear Creek Ave - Morrison CO,Front Range PM,MF,20,2024-08,Water/Sewer,814,720
Morrison Ridge,400 Bear Creek Ave - Morrison CO,Front Range PM,MF,20,2024-08,Trash,292,320
Morrison Ridge,400 Bear Creek Ave - Morrison CO,Front Range PM,MF,20,2024-09,Electric,1819,1840
Morrison Ridge,400 Bear Creek Ave - Morrison CO,Front Range PM,MF,20,2024-09,Gas,230,800
Morrison Ridge,400 Bear Creek Ave - Morrison CO,Front Range PM,MF,20,2024-09,Water/Sewer,693,720
Morrison Ridge,400 Bear Creek Ave - Morrison CO,Front Range PM,MF,20,2024-09,Trash,300,320
Morrison Ridge,400 Bear Creek Ave - Morrison CO,Front Range PM,MF,20,2024-10,Electric,1504,1840
Morrison Ridge,400 Bear Creek Ave - Morrison CO,Front Range PM,MF,20,2024-10,Gas,595,800
Morrison Ridge,400 Bear Creek Ave - Morrison CO,Front Range PM,MF,20,2024-10,Water/Sewer,664,720
Morrison Ridge,400 Bear Creek Ave - Morrison CO,Front Range PM,MF,20,2024-10,Trash,304,320
Morrison Ridge,400 Bear Creek Ave - Morrison CO,Front Range PM,MF,20,2024-11,Electric,1573,1840
Morrison Ridge,400 Bear Creek Ave - Morrison CO,Front Range PM,MF,20,2024-11,Gas,1067,800
Morrison Ridge,400 Bear Creek Ave - Morrison CO,Front Range PM,MF,20,2024-11,Water/Sewer,615,720
Morrison Ridge,400 Bear Creek Ave - Morrison CO,Front Range PM,MF,20,2024-11,Trash,296,320
Morrison Ridge,400 Bear Creek Ave - Morrison CO,Front Range PM,MF,20,2024-12,Electric,1702,1840
Morrison Ridge,400 Bear Creek Ave - Morrison CO,Front Range PM,MF,20,2024-12,Gas,1500,800
Morrison Ridge,400 Bear Creek Ave - Morrison CO,Front Range PM,MF,20,2024-12,Water/Sewer,591,720
Morrison Ridge,400 Bear Creek Ave - Morrison CO,Front Range PM,MF,20,2024-12,Trash,293,320
Wheat Ridge Lofts,4455 Kipling St - Wheat Ridge CO,Apex Management,MF,44,2024-01,Electric,3644,4048
Wheat Ridge Lofts,4455 Kipling St - Wheat Ridge CO,Apex Management,MF,44,2024-01,Gas,3833,1760
Wheat Ridge Lofts,4455 Kipling St - Wheat Ridge CO,Apex Management,MF,44,2024-01,Water/Sewer,1295,1584
Wheat Ridge Lofts,4455 Kipling St - Wheat Ridge CO,Apex Management,MF,44,2024-01,Trash,666,704
Wheat Ridge Lofts,4455 Kipling St - Wheat Ridge CO,Apex Management,MF,44,2024-02,Electric,3562,4048
Wheat Ridge Lofts,4455 Kipling St - Wheat Ridge CO,Apex Management,MF,44,2024-02,Gas,3676,1760
Wheat Ridge Lofts,4455 Kipling St - Wheat Ridge CO,Apex Management,MF,44,2024-02,Water/Sewer,1325,1584
Wheat Ridge Lofts,4455 Kipling St - Wheat Ridge CO,Apex Management,MF,44,2024-02,Trash,683,704
Wheat Ridge Lofts,4455 Kipling St - Wheat Ridge CO,Apex Management,MF,44,2024-03,Electric,3347,4048
Wheat Ridge Lofts,4455 Kipling St - Wheat Ridge CO,Apex Management,MF,44,2024-03,Gas,2653,1760
Wheat Ridge Lofts,4455 Kipling St - Wheat Ridge CO,Apex Management,MF,44,2024-03,Water/Sewer,1428,1584
Wheat Ridge Lofts,4455 Kipling St - Wheat Ridge CO,Apex Management,MF,44,2024-03,Trash,665,704
Wheat Ridge Lofts,4455 Kipling St - Wheat Ridge CO,Apex Management,MF,44,2024-04,Electric,3314,4048
Wheat Ridge Lofts,4455 Kipling St - Wheat Ridge CO,Apex Management,MF,44,2024-04,Gas,1532,1760
Wheat Ridge Lofts,4455 Kipling St - Wheat Ridge CO,Apex Management,MF,44,2024-04,Water/Sewer,1501,1584
Wheat Ridge Lofts,4455 Kipling St - Wheat Ridge CO,Apex Management,MF,44,2024-04,Trash,688,704
Wheat Ridge Lofts,4455 Kipling St - Wheat Ridge CO,Apex Management,MF,44,2024-05,Electric,3673,4048
Wheat Ridge Lofts,4455 Kipling St - Wheat Ridge CO,Apex Management,MF,44,2024-05,Gas,803,1760
Wheat Ridge Lofts,4455 Kipling St - Wheat Ridge CO,Apex Management,MF,44,2024-05,Water/Sewer,1613,1584
Wheat Ridge Lofts,4455 Kipling St - Wheat Ridge CO,Apex Management,MF,44,2024-05,Trash,692,704
Wheat Ridge Lofts,4455 Kipling St - Wheat Ridge CO,Apex Management,MF,44,2024-06,Electric,4509,4048
Wheat Ridge Lofts,4455 Kipling St - Wheat Ridge CO,Apex Management,MF,44,2024-06,Gas,475,1760
Wheat Ridge Lofts,4455 Kipling St - Wheat Ridge CO,Apex Management,MF,44,2024-06,Water/Sewer,1832,1584
Wheat Ridge Lofts,4455 Kipling St - Wheat Ridge CO,Apex Management,MF,44,2024-06,Trash,680,704
Wheat Ridge Lofts,4455 Kipling St - Wheat Ridge CO,Apex Management,MF,44,2024-07,Electric,5185,4048
Wheat Ridge Lofts,4455 Kipling St - Wheat Ridge CO,Apex Management,MF,44,2024-07,Gas,368,1760
Wheat Ridge Lofts,4455 Kipling St - Wheat Ridge CO,Apex Management,MF,44,2024-07,Water/Sewer,1881,1584
Wheat Ridge Lofts,4455 Kipling St - Wheat Ridge CO,Apex Management,MF,44,2024-07,Trash,688,704
Wheat Ridge Lofts,4455 Kipling St - Wheat Ridge CO,Apex Management,MF,44,2024-08,Electric,5114,4048
Wheat Ridge Lofts,4455 Kipling St - Wheat Ridge CO,Apex Management,MF,44,2024-08,Gas,370,1760
Wheat Ridge Lofts,4455 Kipling St - Wheat Ridge CO,Apex Management,MF,44,2024-08,Water/Sewer,1846,1584
Wheat Ridge Lofts,4455 Kipling St - Wheat Ridge CO,Apex Management,MF,44,2024-08,Trash,675,704
Wheat Ridge Lofts,4455 Kipling St - Wheat Ridge CO,Apex Management,MF,44,2024-09,Electric,4008,4048
Wheat Ridge Lofts,4455 Kipling St - Wheat Ridge CO,Apex Management,MF,44,2024-09,Gas,536,1760
Wheat Ridge Lofts,4455 Kipling St - Wheat Ridge CO,Apex Management,MF,44,2024-09,Water/Sewer,1588,1584
Wheat Ridge Lofts,4455 Kipling St - Wheat Ridge CO,Apex Management,MF,44,2024-09,Trash,678,704
Wheat Ridge Lofts,4455 Kipling St - Wheat Ridge CO,Apex Management,MF,44,2024-10,Electric,3519,4048
Wheat Ridge Lofts,4455 Kipling St - Wheat Ridge CO,Apex Management,MF,44,2024-10,Gas,1309,1760
Wheat Ridge Lofts,4455 Kipling St - Wheat Ridge CO,Apex Management,MF,44,2024-10,Water/Sewer,1487,1584
Wheat Ridge Lofts,4455 Kipling St - Wheat Ridge CO,Apex Management,MF,44,2024-10,Trash,661,704
Wheat Ridge Lofts,4455 Kipling St - Wheat Ridge CO,Apex Management,MF,44,2024-11,Electric,3528,4048
Wheat Ridge Lofts,4455 Kipling St - Wheat Ridge CO,Apex Management,MF,44,2024-11,Gas,2563,1760
Wheat Ridge Lofts,4455 Kipling St - Wheat Ridge CO,Apex Management,MF,44,2024-11,Water/Sewer,1360,1584
Wheat Ridge Lofts,4455 Kipling St - Wheat Ridge CO,Apex Management,MF,44,2024-11,Trash,665,704
Wheat Ridge Lofts,4455 Kipling St - Wheat Ridge CO,Apex Management,MF,44,2024-12,Electric,3794,4048
Wheat Ridge Lofts,4455 Kipling St - Wheat Ridge CO,Apex Management,MF,44,2024-12,Gas,3395,1760
Wheat Ridge Lofts,4455 Kipling St - Wheat Ridge CO,Apex Management,MF,44,2024-12,Water/Sewer,1303,1584
Wheat Ridge Lofts,4455 Kipling St - Wheat Ridge CO,Apex Management,MF,44,2024-12,Trash,685,704
Thornton Terrace,1100 E 128th Ave - Thornton CO,Apex Management,MF,60,2024-01,Electric,4974,5520
Thornton Terrace,1100 E 128th Ave - Thornton CO,Apex Management,MF,60,2024-01,Gas,5079,2400
Thornton Terrace,1100 E 128th Ave - Thornton CO,Apex Management,MF,60,2024-01,Water/Sewer,1824,2160
Thornton Terrace,1100 E 128th Ave - Thornton CO,Apex Management,MF,60,2024-01,Trash,947,960
Thornton Terrace,1100 E 128th Ave - Thornton CO,Apex Management,MF,60,2024-02,Electric,4975,5520
Thornton Terrace,1100 E 128th Ave - Thornton CO,Apex Management,MF,60,2024-02,Gas,5047,2400
Thornton Terrace,1100 E 128th Ave - Thornton CO,Apex Management,MF,60,2024-02,Water/Sewer,1873,2160
Thornton Terrace,1100 E 128th Ave - Thornton CO,Apex Management,MF,60,2024-02,Trash,946,960
Thornton Terrace,1100 E 128th Ave - Thornton CO,Apex Management,MF,60,2024-03,Electric,4717,5520
Thornton Terrace,1100 E 128th Ave - Thornton CO,Apex Management,MF,60,2024-03,Gas,3728,2400
Thornton Terrace,1100 E 128th Ave - Thornton CO,Apex Management,MF,60,2024-03,Water/Sewer,1901,2160
Thornton Terrace,1100 E 128th Ave - Thornton CO,Apex Management,MF,60,2024-03,Trash,942,960
Thornton Terrace,1100 E 128th Ave - Thornton CO,Apex Management,MF,60,2024-04,Electric,4485,5520
Thornton Terrace,1100 E 128th Ave - Thornton CO,Apex Management,MF,60,2024-04,Gas,2023,2400
Thornton Terrace,1100 E 128th Ave - Thornton CO,Apex Management,MF,60,2024-04,Water/Sewer,2113,2160
Thornton Terrace,1100 E 128th Ave - Thornton CO,Apex Management,MF,60,2024-04,Trash,964,960
Thornton Terrace,1100 E 128th Ave - Thornton CO,Apex Management,MF,60,2024-05,Electric,5104,5520
Thornton Terrace,1100 E 128th Ave - Thornton CO,Apex Management,MF,60,2024-05,Gas,1119,2400
Thornton Terrace,1100 E 128th Ave - Thornton CO,Apex Management,MF,60,2024-05,Water/Sewer,2226,2160
Thornton Terrace,1100 E 128th Ave - Thornton CO,Apex Management,MF,60,2024-05,Trash,926,960
Thornton Terrace,1100 E 128th Ave - Thornton CO,Apex Management,MF,60,2024-06,Electric,6062,5520
Thornton Terrace,1100 E 128th Ave - Thornton CO,Apex Management,MF,60,2024-06,Gas,648,2400
Thornton Terrace,1100 E 128th Ave - Thornton CO,Apex Management,MF,60,2024-06,Water/Sewer,2517,2160
Thornton Terrace,1100 E 128th Ave - Thornton CO,Apex Management,MF,60,2024-06,Trash,954,960
Thornton Terrace,1100 E 128th Ave - Thornton CO,Apex Management,MF,60,2024-07,Electric,7112,5520
Thornton Terrace,1100 E 128th Ave - Thornton CO,Apex Management,MF,60,2024-07,Gas,516,2400
Thornton Terrace,1100 E 128th Ave - Thornton CO,Apex Management,MF,60,2024-07,Water/Sewer,2629,2160
Thornton Terrace,1100 E 128th Ave - Thornton CO,Apex Management,MF,60,2024-07,Trash,948,960
Thornton Terrace,1100 E 128th Ave - Thornton CO,Apex Management,MF,60,2024-08,Electric,7032,5520
Thornton Terrace,1100 E 128th Ave - Thornton CO,Apex Management,MF,60,2024-08,Gas,500,2400
Thornton Terrace,1100 E 128th Ave - Thornton CO,Apex Management,MF,60,2024-08,Water/Sewer,2553,2160
Thornton Terrace,1100 E 128th Ave - Thornton CO,Apex Management,MF,60,2024-08,Trash,937,960
Thornton Terrace,1100 E 128th Ave - Thornton CO,Apex Management,MF,60,2024-09,Electric,5799,5520
Thornton Terrace,1100 E 128th Ave - Thornton CO,Apex Management,MF,60,2024-09,Gas,721,2400
Thornton Terrace,1100 E 128th Ave - Thornton CO,Apex Management,MF,60,2024-09,Water/Sewer,2218,2160
Thornton Terrace,1100 E 128th Ave - Thornton CO,Apex Management,MF,60,2024-09,Trash,919,960
Thornton Terrace,1100 E 128th Ave - Thornton CO,Apex Management,MF,60,2024-10,Electric,4744,5520
Thornton Terrace,1100 E 128th Ave - Thornton CO,Apex Management,MF,60,2024-10,Gas,1883,2400
Thornton Terrace,1100 E 128th Ave - Thornton CO,Apex Management,MF,60,2024-10,Water/Sewer,2081,2160
Thornton Terrace,1100 E 128th Ave - Thornton CO,Apex Management,MF,60,2024-10,Trash,944,960
Thornton Terrace,1100 E 128th Ave - Thornton CO,Apex Management,MF,60,2024-11,Electric,4923,5520
Thornton Terrace,1100 E 128th Ave - Thornton CO,Apex Management,MF,60,2024-11,Gas,3493,2400
Thornton Terrace,1100 E 128th Ave - Thornton CO,Apex Management,MF,60,2024-11,Water/Sewer,1903,2160
Thornton Terrace,1100 E 128th Ave - Thornton CO,Apex Management,MF,60,2024-11,Trash,926,960
Thornton Terrace,1100 E 128th Ave - Thornton CO,Apex Management,MF,60,2024-12,Electric,5246,5520
Thornton Terrace,1100 E 128th Ave - Thornton CO,Apex Management,MF,60,2024-12,Gas,4616,2400
Thornton Terrace,1100 E 128th Ave - Thornton CO,Apex Management,MF,60,2024-12,Water/Sewer,1855,2160
Thornton Terrace,1100 E 128th Ave - Thornton CO,Apex Management,MF,60,2024-12,Trash,953,960
Fitzsimons Court,1450 Emporia St - Aurora CO,Rocky Mountain PM,MF,28,2024-01,Electric,3060,2576
Fitzsimons Court,1450 Emporia St - Aurora CO,Rocky Mountain PM,MF,28,2024-01,Gas,2343,1120
Fitzsimons Court,1450 Emporia St - Aurora CO,Rocky Mountain PM,MF,28,2024-01,Water/Sewer,835,1008
Fitzsimons Court,1450 Emporia St - Aurora CO,Rocky Mountain PM,MF,28,2024-01,Trash,428,448
Fitzsimons Court,1450 Emporia St - Aurora CO,Rocky Mountain PM,MF,28,2024-02,Electric,2908,2576
Fitzsimons Court,1450 Emporia St - Aurora CO,Rocky Mountain PM,MF,28,2024-02,Gas,2172,1120
Fitzsimons Court,1450 Emporia St - Aurora CO,Rocky Mountain PM,MF,28,2024-02,Water/Sewer,821,1008
Fitzsimons Court,1450 Emporia St - Aurora CO,Rocky Mountain PM,MF,28,2024-02,Trash,435,448
Fitzsimons Court,1450 Emporia St - Aurora CO,Rocky Mountain PM,MF,28,2024-03,Electric,2865,2576
Fitzsimons Court,1450 Emporia St - Aurora CO,Rocky Mountain PM,MF,28,2024-03,Gas,1640,1120
Fitzsimons Court,1450 Emporia St - Aurora CO,Rocky Mountain PM,MF,28,2024-03,Water/Sewer,868,1008
Fitzsimons Court,1450 Emporia St - Aurora CO,Rocky Mountain PM,MF,28,2024-03,Trash,435,448
Fitzsimons Court,1450 Emporia St - Aurora CO,Rocky Mountain PM,MF,28,2024-04,Electric,2890,2576
Fitzsimons Court,1450 Emporia St - Aurora CO,Rocky Mountain PM,MF,28,2024-04,Gas,918,1120
Fitzsimons Court,1450 Emporia St - Aurora CO,Rocky Mountain PM,MF,28,2024-04,Water/Sewer,899,1008
Fitzsimons Court,1450 Emporia St - Aurora CO,Rocky Mountain PM,MF,28,2024-04,Trash,414,448
Fitzsimons Court,1450 Emporia St - Aurora CO,Rocky Mountain PM,MF,28,2024-05,Electric,2983,2576
Fitzsimons Court,1450 Emporia St - Aurora CO,Rocky Mountain PM,MF,28,2024-05,Gas,492,1120
Fitzsimons Court,1450 Emporia St - Aurora CO,Rocky Mountain PM,MF,28,2024-05,Water/Sewer,1008,1008
Fitzsimons Court,1450 Emporia St - Aurora CO,Rocky Mountain PM,MF,28,2024-05,Trash,433,448
Fitzsimons Court,1450 Emporia St - Aurora CO,Rocky Mountain PM,MF,28,2024-06,Electric,3738,2576
Fitzsimons Court,1450 Emporia St - Aurora CO,Rocky Mountain PM,MF,28,2024-06,Gas,284,1120
Fitzsimons Court,1450 Emporia St - Aurora CO,Rocky Mountain PM,MF,28,2024-06,Water/Sewer,1129,1008
Fitzsimons Court,1450 Emporia St - Aurora CO,Rocky Mountain PM,MF,28,2024-06,Trash,427,448
Fitzsimons Court,1450 Emporia St - Aurora CO,Rocky Mountain PM,MF,28,2024-07,Electric,4449,2576
Fitzsimons Court,1450 Emporia St - Aurora CO,Rocky Mountain PM,MF,28,2024-07,Gas,223,1120
Fitzsimons Court,1450 Emporia St - Aurora CO,Rocky Mountain PM,MF,28,2024-07,Water/Sewer,1141,1008
Fitzsimons Court,1450 Emporia St - Aurora CO,Rocky Mountain PM,MF,28,2024-07,Trash,431,448
Fitzsimons Court,1450 Emporia St - Aurora CO,Rocky Mountain PM,MF,28,2024-08,Electric,4310,2576
Fitzsimons Court,1450 Emporia St - Aurora CO,Rocky Mountain PM,MF,28,2024-08,Gas,224,1120
Fitzsimons Court,1450 Emporia St - Aurora CO,Rocky Mountain PM,MF,28,2024-08,Water/Sewer,1183,1008
Fitzsimons Court,1450 Emporia St - Aurora CO,Rocky Mountain PM,MF,28,2024-08,Trash,420,448
Fitzsimons Court,1450 Emporia St - Aurora CO,Rocky Mountain PM,MF,28,2024-09,Electric,3498,2576
Fitzsimons Court,1450 Emporia St - Aurora CO,Rocky Mountain PM,MF,28,2024-09,Gas,338,1120
Fitzsimons Court,1450 Emporia St - Aurora CO,Rocky Mountain PM,MF,28,2024-09,Water/Sewer,1035,1008
Fitzsimons Court,1450 Emporia St - Aurora CO,Rocky Mountain PM,MF,28,2024-09,Trash,414,448
Fitzsimons Court,1450 Emporia St - Aurora CO,Rocky Mountain PM,MF,28,2024-10,Electric,2974,2576
Fitzsimons Court,1450 Emporia St - Aurora CO,Rocky Mountain PM,MF,28,2024-10,Gas,819,1120
Fitzsimons Court,1450 Emporia St - Aurora CO,Rocky Mountain PM,MF,28,2024-10,Water/Sewer,945,1008
Fitzsimons Court,1450 Emporia St - Aurora CO,Rocky Mountain PM,MF,28,2024-10,Trash,421,448
Fitzsimons Court,1450 Emporia St - Aurora CO,Rocky Mountain PM,MF,28,2024-11,Electric,3057,2576
Fitzsimons Court,1450 Emporia St - Aurora CO,Rocky Mountain PM,MF,28,2024-11,Gas,1552,1120
Fitzsimons Court,1450 Emporia St - Aurora CO,Rocky Mountain PM,MF,28,2024-11,Water/Sewer,879,1008
Fitzsimons Court,1450 Emporia St - Aurora CO,Rocky Mountain PM,MF,28,2024-11,Trash,436,448
Fitzsimons Court,1450 Emporia St - Aurora CO,Rocky Mountain PM,MF,28,2024-12,Electric,3186,2576
Fitzsimons Court,1450 Emporia St - Aurora CO,Rocky Mountain PM,MF,28,2024-12,Gas,2059,1120
Fitzsimons Court,1450 Emporia St - Aurora CO,Rocky Mountain PM,MF,28,2024-12,Water/Sewer,818,1008
Fitzsimons Court,1450 Emporia St - Aurora CO,Rocky Mountain PM,MF,28,2024-12,Trash,429,448
